{
  "current-scene": "0b531493-810c-42d1-a681-04b4358efe53",
  "gizmos-infos": {
    "iconGizmoSize": 2,
    "isGridVisible": true,
    "isIconGizmo3D": false
  },
  "camera-infos": {
    "0b531493-810c-42d1-a681-04b4358efe53": {
      "position": {
        "x": 351.48270420919425,
        "y": 1747.9263523487966,
        "z": 3172.527090334261
      },
      "rotation": {
        "w": 0.9865353201561491,
        "x": -0.1552493022324526,
        "y": -0.024580290363905175,
        "z": -0.0038787798932457727
      },
      "viewCenter": {
        "x": 500.7457210225865,
        "y": 780.5710232364704,
        "z": 178.82566547276338
      }
    },
    "f46876e4-e81b-4931-b493-6d367be385e7": {
      "position": {
        "x": 13.380285130445326,
        "y": 13.761934140760816,
        "z": 7.829589503482342
      },
      "rotation": {
        "w": 0.8006938799172326,
        "x": -0.31193234085337684,
        "y": 0.4765686954204255,
        "z": 0.18566045334991188
      },
      "viewCenter": {
        "x": -0.03861005950657237,
        "y": -0.2610141524956795,
        "z": 0.5503215026471331
      }
    }
  },
  "camera-uuids": [
    "0b531493-810c-42d1-a681-04b4358efe53"
  ]
}
